PRAGMA foreign_keys = ON;

INSERT INTO customers (customer_id, name, phone, email, joined_at, grade) VALUES
    (1, '김민준', '010-1000-0001', 'minjun@example.com', '2024-01-05', 'VIP'),
    (2, '이서연', '010-1000-0002', 'seoyeon@example.com', '2024-01-18', 'GOLD'),
    (3, '박지호', '010-1000-0003', 'jiho@example.com', '2024-02-02', 'SILVER'),
    (4, '최하윤', '010-1000-0004', 'hayoon@example.com', '2024-02-14', 'BASIC'),
    (5, '정도윤', '010-1000-0005', 'doyoon@example.com', '2024-03-01', 'GOLD'),
    (6, '강수아', '010-1000-0006', 'sua@example.com', '2024-03-15', 'BASIC'),
    (7, '윤서준', '010-1000-0007', 'seojun@example.com', '2024-04-03', 'SILVER'),
    (8, '장유진', '010-1000-0008', 'yujin@example.com', '2024-04-20', 'BASIC'),
    (9, '한지민', '010-1000-0009', 'jimin@example.com', '2024-05-06', 'VIP'),
    (10, '오예린', '010-1000-0010', 'yerin@example.com', '2024-05-21', 'BASIC'),
    (11, '문하늘', '010-1000-0011', 'haneul@example.com', '2024-06-01', 'BASIC');

INSERT INTO menu_categories (category_id, name, description) VALUES
    (1, 'Coffee', '에스프레소 기반 커피'),
    (2, 'Non-Coffee', '커피가 들어가지 않는 음료'),
    (3, 'Tea', '차와 허브 음료'),
    (4, 'Ade', '탄산과 과일을 활용한 음료'),
    (5, 'Smoothie', '과일과 얼음을 갈아 만든 음료'),
    (6, 'Bakery', '매장에서 굽거나 제공하는 베이커리'),
    (7, 'Dessert', '케이크와 달콤한 디저트'),
    (8, 'Sandwich', '식사용 샌드위치'),
    (9, 'Seasonal', '시즌 한정 메뉴'),
    (10, 'Merchandise', '텀블러와 원두 등 판매 상품');

INSERT INTO menu_items (menu_item_id, category_id, name, price, is_available, created_at) VALUES
    (1, 1, '아메리카노', 4500, 1, '2024-01-01'),
    (2, 1, '카페라떼', 5000, 1, '2024-01-01'),
    (3, 1, '바닐라라떼', 5500, 1, '2024-01-01'),
    (4, 2, '초코라떼', 5500, 1, '2024-01-03'),
    (5, 3, '캐모마일 티', 4800, 1, '2024-01-05'),
    (6, 4, '레몬에이드', 6000, 1, '2024-02-01'),
    (7, 5, '딸기 스무디', 6500, 1, '2024-02-10'),
    (8, 6, '크루아상', 4200, 1, '2024-02-15'),
    (9, 7, '치즈케이크', 6800, 1, '2024-03-01'),
    (10, 8, '햄치즈 샌드위치', 7800, 1, '2024-03-10'),
    (11, 9, '봄 딸기 라떼', 6200, 0, '2024-03-20'),
    (12, 10, '하우스 블렌드 원두', 15000, 1, '2024-04-01');

INSERT INTO orders (order_id, customer_id, order_date, order_type, status, total_amount) VALUES
    (1, 1, '2024-06-01 09:15:00', 'STORE', 'COMPLETED', 9500),
    (2, 2, '2024-06-01 12:20:00', 'TAKEOUT', 'COMPLETED', 12000),
    (3, 3, '2024-06-02 08:45:00', 'STORE', 'COMPLETED', 11000),
    (4, 4, '2024-06-02 14:30:00', 'DELIVERY', 'COMPLETED', 19800),
    (5, 5, '2024-06-03 10:05:00', 'STORE', 'COMPLETED', 14500),
    (6, 1, '2024-06-03 18:40:00', 'TAKEOUT', 'COMPLETED', 19800),
    (7, 6, '2024-06-04 11:10:00', 'STORE', 'PAID', 4500),
    (8, 7, '2024-06-04 13:25:00', 'DELIVERY', 'READY', 15600),
    (9, 8, '2024-06-05 09:50:00', 'STORE', 'COMPLETED', 10500),
    (10, 9, '2024-06-05 16:05:00', 'TAKEOUT', 'COMPLETED', 21800),
    (11, 2, '2024-06-06 08:30:00', 'STORE', 'COMPLETED', 10000),
    (12, 10, '2024-06-06 19:15:00', 'DELIVERY', 'CANCELED', 0);

INSERT INTO order_items (order_item_id, order_id, menu_item_id, quantity, unit_price) VALUES
    (1, 1, 1, 1, 4500),
    (2, 1, 2, 1, 5000),
    (3, 2, 6, 2, 6000),
    (4, 3, 3, 2, 5500),
    (5, 4, 10, 1, 7800),
    (6, 4, 6, 2, 6000),
    (7, 5, 1, 1, 4500),
    (8, 5, 8, 1, 4200),
    (9, 5, 9, 1, 6800),
    (10, 6, 12, 1, 15000),
    (11, 6, 5, 1, 4800),
    (12, 7, 1, 1, 4500),
    (13, 8, 10, 2, 7800),
    (14, 9, 2, 1, 5000),
    (15, 9, 4, 1, 5500),
    (16, 10, 7, 1, 6500),
    (17, 10, 9, 1, 6800),
    (18, 10, 8, 2, 4200),
    (19, 11, 2, 2, 5000),
    (20, 12, 1, 1, 4500);
